Date,Open,High,Low,Close,Adj Close,Volume
7/25/2016,222.270004,231.389999,221.369995,230.009995,230.009995,4490700
7/26/2016,227.690002,230,225.300003,229.509995,229.509995,3430000
7/27/2016,229.339996,233.360001,226.919998,228.490005,228.490005,2889000
7/28/2016,227.949997,230.759995,226.600006,230.610001,230.610001,2419100
7/29/2016,230.699997,235.279999,230.240005,234.789993,234.789993,3070800
8/1/2016,235.5,236.630005,229.380005,230.009995,230.009995,4016300
8/2/2016,229.369995,229.869995,221.399994,227.199997,227.199997,3934400
8/3/2016,227.369995,229.699997,224.210007,225.789993,225.789993,3887800
8/4/2016,225.690002,230.860001,222.050003,230.610001,230.610001,4147000
8/5/2016,230,232,227.399994,230.029999,230.029999,3205200
8/8/2016,228,229.600006,226.089996,226.160004,226.160004,2263600
8/9/2016,226.820007,231.539993,226.649994,229.080002,229.080002,2207800
8/10/2016,228.240005,229.869995,224.619995,225.649994,225.649994,2338300
8/11/2016,226.169998,227.570007,223.410004,224.910004,224.910004,1880900
8/12/2016,225.410004,226.649994,224.039993,225.610001,225.610001,1813500
8/15/2016,226.020004,229.5,224.929993,225.589996,225.589996,2034300
8/16/2016,225.490005,227.190002,223.410004,223.610001,223.610001,2267100
8/17/2016,224.330002,224.830002,222.800003,223.240005,223.240005,1787100
8/18/2016,223.820007,225.660004,222.289993,223.509995,223.509995,1714500
8/19/2016,223.539993,225.169998,222.529999,225,225,1659500
8/22/2016,224.169998,225.110001,222.679993,222.929993,222.929993,2065500
8/23/2016,224.320007,228.490005,222.800003,224.839996,224.839996,4784400
8/24/2016,227.050003,227.149994,222.220001,222.619995,222.619995,2570700
8/25/2016,223.110001,223.800003,220.770004,220.960007,220.960007,1762500
8/26/2016,222.139999,222.860001,218.820007,219.990005,219.990005,2239000
8/29/2016,220.149994,220.399994,215,215.199997,215.199997,3266300
8/30/2016,216.110001,216.110001,210.520004,211.339996,211.339996,3168900
8/31/2016,210.429993,212.600006,208.649994,212.009995,212.009995,3276500
9/1/2016,209.009995,211.100006,200.5,200.770004,200.770004,7943100
9/2/2016,202.330002,203.199997,196.199997,197.779999,197.779999,5977400
9/6/2016,199.020004,203.25,199,202.830002,202.830002,4390600
9/7/2016,205.5,206.5,200.710007,201.710007,201.710007,3640900
9/8/2016,199.550003,199.889999,196.360001,197.360001,197.360001,3377900
9/9/2016,199.089996,199.919998,193.699997,194.470001,194.470001,3757000
9/12/2016,195,201.369995,194.100006,198.300003,198.300003,3715200
9/13/2016,197.059998,198.490005,193.449997,196.050003,196.050003,3589400
9/14/2016,195.75,197.919998,194.860001,196.410004,196.410004,2254500
9/15/2016,196.490005,202.520004,196.399994,200.419998,200.419998,3077200
9/16/2016,200.419998,205.699997,199,205.399994,205.399994,3107800
9/19/2016,207,209.429993,205,206.339996,206.339996,2299500
9/20/2016,206.850006,207.75,203.910004,204.639999,204.639999,2410500
9/21/2016,206.369995,207,201.559998,205.220001,205.220001,2633500
9/22/2016,206.399994,207.279999,203,206.429993,206.429993,2382900
9/23/2016,205.990005,210.179993,205.669998,207.449997,207.449997,2905200
9/26/2016,206.5,211,206.5,208.990005,208.990005,2394400
9/27/2016,209.649994,209.979996,204.610001,205.809998,205.809998,3373200
9/28/2016,207.509995,208.25,205.259995,206.270004,206.270004,2088400
9/29/2016,205.600006,207.330002,200.580002,200.699997,200.699997,2727000
9/30/2016,202.210007,204.979996,199.550003,204.029999,204.029999,2586300
10/3/2016,212.300003,215.669998,208.25,213.699997,213.699997,5999900
10/4/2016,213.100006,213.320007,208.820007,211.410004,211.410004,3541500
10/5/2016,212.240005,213.149994,208.119995,208.460007,208.460007,1877500
10/6/2016,202.460007,204.210007,200.210007,201,201,4703400
10/7/2016,201,201.320007,195.800003,196.610001,196.610001,3493000
10/10/2016,201.350006,204.139999,199.660004,200.949997,200.949997,3316300
10/11/2016,201.850006,202.199997,198.309998,200.100006,200.100006,2328400
10/12/2016,200.949997,203.880005,200.419998,201.509995,201.509995,1970700
10/13/2016,200.5,200.899994,197.050003,200.240005,200.240005,2494600
10/14/2016,200.660004,201.429993,196.300003,196.509995,196.509995,4269900
10/17/2016,197.050003,198.389999,192,193.960007,193.960007,4554100
10/18/2016,195.990005,199.470001,193.259995,199.100006,199.100006,5680500
10/19/2016,199.740005,206.660004,198.059998,203.559998,203.559998,6991200
10/20/2016,202.119995,203,197.050003,199.100006,199.100006,5072900
10/21/2016,198.600006,201.570007,197.410004,200.089996,200.089996,2943400
10/24/2016,201,203.949997,200.25,202.759995,202.759995,2751600
10/25/2016,202.899994,204.690002,201.199997,202.339996,202.339996,2445000
10/26/2016,201,203.190002,200.100006,202.240005,202.240005,5632800
10/27/2016,211.339996,213.699997,201.649994,204.009995,204.009995,13093700
10/28/2016,204,205.320007,199.830002,199.970001,199.970001,4280100
10/31/2016,202.490005,202.490005,195.809998,197.729996,197.729996,4692300
11/1/2016,198.039993,198.5,188.110001,190.789993,190.789993,7060000
11/2/2016,190.050003,192.699997,187.509995,188.020004,188.020004,4253400
11/3/2016,189,191.470001,187.039993,187.419998,187.419998,2653000
11/4/2016,189,193.460007,185.960007,190.559998,190.559998,5146000
11/7/2016,193.589996,194.289993,190.050003,193.210007,193.210007,3870100
11/8/2016,193.789993,197.490005,191.259995,194.940002,194.940002,3267600
11/9/2016,186.880005,192,183.949997,190.059998,190.059998,8173100
11/10/2016,191.050003,191.610001,180.419998,185.350006,185.350006,6750300
11/11/2016,184.240005,188.880005,183,188.559998,188.559998,3988500
11/14/2016,188,188.25,178.190002,181.449997,181.449997,6552200
11/15/2016,182.779999,186.429993,182.050003,183.770004,183.770004,3902000
11/16/2016,182.649994,184.729996,181.210007,183.929993,183.929993,3434400
11/17/2016,183.490005,189.490005,182.110001,188.660004,188.660004,4887100
11/18/2016,190.649994,193,185,185.020004,185.020004,5210300
11/21/2016,185.039993,188.889999,184.410004,184.520004,184.520004,4361000
11/22/2016,185.839996,191.470001,183.710007,191.169998,191.169998,5603400
11/23/2016,190.610001,195.639999,189,193.139999,193.139999,4891900
11/25/2016,193.639999,197.240005,193.639999,196.649994,196.649994,2366100
11/28/2016,195.479996,199.350006,194.550003,196.119995,196.119995,4529200
11/29/2016,195.559998,196.729996,189.5,189.570007,189.570007,4439300
11/30/2016,191,191.889999,187.5,189.399994,189.399994,3547100
12/1/2016,188.25,188.529999,181,181.880005,181.880005,5126400
12/2/2016,182.880005,184.880005,180,181.470001,181.470001,4042300
12/5/2016,182.509995,188.889999,182.509995,186.800003,186.800003,4072200
12/6/2016,185.520004,186.580002,182.679993,185.850006,185.850006,3391600
12/7/2016,186.149994,193.399994,185,193.149994,193.149994,5461900
12/8/2016,192.050003,192.5,189.539993,192.289993,192.289993,3194100
12/9/2016,190.869995,193.839996,190.809998,192.179993,192.179993,2722500
12/12/2016,192.800003,194.419998,191.179993,192.429993,192.429993,2438900
12/13/2016,193.179993,201.279999,193,198.149994,198.149994,6823900
12/14/2016,198.740005,203,196.759995,198.690002,198.690002,4150900
12/15/2016,198.410004,200.740005,197.389999,197.580002,197.580002,3219600
12/16/2016,198.080002,202.589996,197.600006,202.490005,202.490005,3796900
12/19/2016,202.490005,204.449997,199.839996,202.729996,202.729996,3488100
12/20/2016,203.050003,209,202.5,208.789993,208.789993,4689100
12/21/2016,208.449997,212.229996,207.410004,207.699997,207.699997,5207600
12/22/2016,208.220001,209.990005,206.5,208.449997,208.449997,3111100
12/23/2016,208,213.449997,207.710007,213.339996,213.339996,4670500
12/27/2016,214.880005,222.25,214.419998,219.529999,219.529999,5915700
12/28/2016,221.529999,223.800003,217.199997,219.740005,219.740005,3782500
12/29/2016,218.559998,219.199997,214.119995,214.679993,214.679993,4045000
12/30/2016,216.300003,217.5,211.679993,213.690002,213.690002,4642600
1/3/2017,214.860001,220.330002,210.960007,216.990005,216.990005,5923300
1/4/2017,214.75,228,214.309998,226.990005,226.990005,11213500
1/5/2017,226.419998,227.479996,221.949997,226.75,226.75,5911700
1/6/2017,226.929993,230.309998,225.449997,229.009995,229.009995,5527900
1/9/2017,228.970001,231.919998,228,231.279999,231.279999,3979500
1/10/2017,232,232,226.889999,229.869995,229.869995,3660000
1/11/2017,229.070007,229.979996,226.679993,229.729996,229.729996,3650800
1/12/2017,229.059998,230.699997,225.580002,229.589996,229.589996,3790200
1/13/2017,230,237.850006,229.589996,237.75,237.75,6093000
1/17/2017,236.699997,239.960007,234.369995,235.580002,235.580002,4617500
1/18/2017,236.649994,239.710007,235.580002,238.360001,238.360001,3769000
1/19/2017,247.25,248.679993,240.75,243.759995,243.759995,7732300
1/20/2017,245.460007,246,243.009995,244.729996,244.729996,4204300
1/23/2017,245.850006,250.889999,245.5,248.919998,248.919998,6262900
1/24/2017,250,254.800003,249.649994,254.610001,254.610001,4965500
1/25/2017,257.309998,258.459991,251.800003,254.470001,254.470001,5142600
1/26/2017,254.289993,255.740005,250.75,252.509995,252.509995,3152100
1/27/2017,251.380005,253,248.520004,252.949997,252.949997,3166300
1/30/2017,252.529999,255.289993,247.100006,250.630005,250.630005,3801100
1/31/2017,249.240005,255.889999,247.699997,251.929993,251.929993,4116100
2/1/2017,253.050003,253.199997,249.050003,249.240005,249.240005,3958800
2/2/2017,248.339996,252.419998,247.710007,251.550003,251.550003,2499800
2/3/2017,251.910004,252.179993,249.679993,251.330002,251.330002,2186700
2/6/2017,251,257.820007,250.630005,257.769989,257.769989,3562500
2/7/2017,258.190002,260,256.420013,257.480011,257.480011,4244800
2/8/2017,257.350006,263.359985,256.200012,262.079987,262.079987,3933000
2/9/2017,266.25,271.179993,266.149994,269.200012,269.200012,7820200
2/10/2017,269.790009,270.950012,266.109985,269.230011,269.230011,3619700
2/13/2017,270.73999,280.790009,270.51001,280.600006,280.600006,7029600
2/14/2017,279.029999,287.390015,278.609985,280.980011,280.980011,7345200
2/15/2017,280,282.23999,276.440002,279.76001,279.76001,4947900
2/16/2017,277.600006,280,268.5,268.950012,268.950012,7077300
2/17/2017,265.799988,272.890015,264.149994,272.230011,272.230011,6257100
2/21/2017,275.450012,281.399994,274.01001,277.390015,277.390015,5676700
2/22/2017,280.309998,283.450012,272.600006,273.51001,273.51001,8755000
2/23/2017,264,264.660004,255.559998,255.990005,255.990005,14915200
2/24/2017,252.660004,258.25,250.199997,257,257,8171600
2/27/2017,248.169998,248.360001,242.009995,246.229996,246.229996,11460800
2/28/2017,244.190002,251,243.899994,249.990005,249.990005,6078100
3/1/2017,254.179993,254.850006,249.110001,250.020004,250.020004,4809500
3/2/2017,249.710007,253.279999,248.270004,250.479996,250.479996,3351800
3/3/2017,250.740005,251.899994,249,251.570007,251.570007,2919400
3/6/2017,247.910004,251.699997,247.509995,251.210007,251.210007,3355500
3/7/2017,251.919998,253.889999,248.320007,248.589996,248.589996,3459500
3/8/2017,247,250.070007,245.320007,246.869995,246.869995,3725200
3/9/2017,247.630005,248.660004,243,244.899994,244.899994,3879300
3/10/2017,246.210007,246.5,243,243.690002,243.690002,3066300
3/13/2017,244.820007,246.850006,242.779999,246.169998,246.169998,3022600
3/14/2017,246.110001,258.119995,246.020004,258,258,7598400
3/15/2017,257,261,254.270004,255.729996,255.729996,5330800
3/16/2017,262.399994,265.75,259.059998,262.049988,262.049988,7132200
3/17/2017,264,265.329987,261.200012,261.5,261.5,6497500
3/20/2017,260.600006,264.549988,258.820007,261.920013,261.920013,3614300
3/21/2017,262.829987,264.799988,250.240005,250.679993,250.679993,6908600
3/22/2017,251.559998,255.070007,250.509995,255.009995,255.009995,4059300
3/23/2017,255.389999,257.670013,253.300003,254.779999,254.779999,3320200
3/24/2017,255.699997,263.890015,255.009995,263.160004,263.160004,5647300
3/27/2017,260.600006,270.570007,259.75,270.220001,270.220001,6230800
3/28/2017,277.019989,280.679993,275,277.450012,277.450012,7987600
3/29/2017,278.339996,279.600006,275.540009,277.380005,277.380005,3676200
3/30/2017,278.040009,282,277.209991,277.920013,277.920013,4148400
3/31/2017,278.730011,279.679993,276.320007,278.299988,278.299988,3294600
4/3/2017,286.899994,299,284.579987,298.519989,298.519989,13888600
4/4/2017,296.890015,304.809998,294.529999,303.700012,303.700012,10134600
4/5/2017,302.040009,304.880005,294.200012,295,295,7880900
4/6/2017,296.880005,301.940002,294.100006,298.700012,298.700012,5520600
4/7/2017,297.5,302.690002,297.149994,302.540009,302.540009,4579600
4/10/2017,309.149994,313.730011,308.709991,312.390015,312.390015,7664500
4/11/2017,313.380005,313.470001,305.5,308.709991,308.709991,5724600
4/12/2017,306.339996,308.450012,296.320007,296.839996,296.839996,6050700
4/13/2017,296.700012,307.390015,295.299988,304,304,9284600
4/17/2017,302.700012,304,298.679993,301.440002,301.440002,4138700
4/18/2017,299.700012,300.839996,297.899994,300.25,300.25,3035700
4/19/2017,302.459991,306.619995,302.109985,305.519989,305.519989,3898000
4/20/2017,306.51001,309.149994,300.230011,302.51001,302.51001,6149400
4/21/2017,302,306.399994,300.420013,305.600006,305.600006,4509800
4/24/2017,309.220001,310.549988,306.019989,308.029999,308.029999,5083500
4/25/2017,308,313.980011,305.859985,313.790009,313.790009,6737700
4/26/2017,312.369995,314.5,309,310.170013,310.170013,4695000
4/27/2017,311.690002,313.089996,307.5,308.630005,308.630005,3468600
4/28/2017,309.829987,314.799988,308,314.070007,314.070007,4505500
5/1/2017,314.880005,327.25,314.809998,322.829987,322.829987,8829600
5/2/2017,324,327.660004,316.559998,318.890015,318.890015,5382800
5/3/2017,317.670013,321.529999,310.450012,311.019989,311.019989,7133400
5/4/2017,307.440002,307.769989,290.76001,295.459991,295.459991,14152000
5/5/2017,298,308.549988,296.799988,308.350006,308.350006,8177300
5/8/2017,310.899994,313.790009,305.820007,307.190002,307.190002,7006500
5/9/2017,309.380005,321.98999,309.100006,321.26001,321.26001,9676500
5/10/2017,321.559998,325.5,318.119995,325.220001,325.220001,5741600
5/11/2017,323.399994,326,319.600006,323.100006,323.100006,4753800
5/12/2017,325.480011,327,321.529999,324.809998,324.809998,4121600
5/15/2017,318.380005,320.200012,312.529999,315.880005,315.880005,7622000
5/16/2017,317.589996,320.059998,315.140015,317.01001,317.01001,4152500
5/17/2017,314.390015,314.630005,305.5,306.109985,306.109985,6711900
5/18/2017,307,313.940002,305.309998,313.059998,313.059998,5653800
5/19/2017,315.5,316.5,310.200012,310.829987,310.829987,4687600
5/22/2017,312.799988,314.369995,306.799988,310.350006,310.350006,4329200
5/23/2017,310.459991,310.730011,303.480011,303.859985,303.859985,4318400
5/24/2017,306.51001,311,305.399994,310.220001,310.220001,5033300
5/25/2017,311.019989,316.970001,307.809998,316.829987,316.829987,5014000
5/26/2017,317.279999,325.48999,316.309998,325.140015,325.140015,7802200
5/30/2017,326,336.279999,325.76001,335.100006,335.100006,7782900
5/31/2017,337.690002,342.890015,335.160004,341.01001,341.01001,9963400
6/1/2017,344,344.880005,337.290009,340.369995,340.369995,7608000
6/2/2017,339.769989,342.880005,335.929993,339.850006,339.850006,5590200
6/5/2017,338.5,348.440002,334.209991,347.320007,347.320007,6784400
6/6/2017,344.700012,359.48999,339.970001,352.850006,352.850006,11086800
6/7/2017,356.339996,360.5,355.140015,359.649994,359.649994,9398000
6/8/2017,363.75,371.899994,360.220001,370,370,9061500
6/9/2017,374.420013,376.869995,354.799988,357.320007,357.320007,17261400
6/12/2017,357.98999,364.5,350.619995,359.01001,359.01001,10517700
6/13/2017,367.619995,376,366.609985,375.950012,375.950012,11807900
6/14/2017,381.089996,384.25,376.309998,380.660004,380.660004,12818400
6/15/2017,372.5,375.459991,366.48999,375.339996,375.339996,10426500
6/16/2017,377.980011,378.01001,370.100006,371.399994,371.399994,6731000
6/19/2017,375,376.700012,367.799988,369.799988,369.799988,6549300
6/20/2017,376.670013,378.880005,369.730011,372.23999,372.23999,7438700
6/21/2017,374.350006,376.98999,368.019989,376.399994,376.399994,4923200
6/22/2017,377.98999,385,373.570007,382.609985,382.609985,7529800
6/23/2017,382.450012,386.98999,379.350006,383.450012,383.450012,6445800
6/26/2017,386.690002,386.950012,373.100006,377.48999,377.48999,6604100
6/27/2017,376.399994,376.399994,362.019989,362.369995,362.369995,6996400
6/28/2017,366.679993,371.73999,362.519989,371.23999,371.23999,6302500
6/29/2017,370.609985,371,354.100006,360.75,360.75,8221000
6/30/2017,363.709991,366.769989,359.619995,361.609985,361.609985,5848500
7/3/2017,370.23999,371.350006,351.5,352.619995,352.619995,6305400
7/5/2017,347.200012,347.23999,326.329987,327.089996,327.089996,17046700
7/6/2017,317.26001,320.790009,306.299988,308.829987,308.829987,19324500
7/7/2017,313.5,317,307.380005,313.220001,313.220001,14176900
7/10/2017,312.899994,317.940002,303.130005,316.049988,316.049988,13820900
7/11/2017,316,327.279999,314.299988,327.220001,327.220001,11559400
7/12/2017,330.399994,333.100006,324.5,329.519989,329.519989,10346100
7/13/2017,330.109985,331.600006,319.970001,323.410004,323.410004,8594500
7/14/2017,323.190002,328.420013,321.220001,327.779999,327.779999,5625200
7/17/2017,325.540009,327.100006,313.450012,319.570007,319.570007,9876900
7/18/2017,317.5,329.130005,315.660004,328.23999,328.23999,6373700
7/19/2017,328.230011,331.649994,323.220001,325.26001,325.26001,6357000
7/20/2017,326.899994,330.220001,324.200012,329.920013,329.920013,5166200
7/21/2017,329.459991,331.26001,325.799988,328.399994,328.399994,4901600
7/24/2017,330.23999,343.399994,330.01001,342.519989,342.519989,8637100
7/25/2017,345,345.600006,334.149994,339.600006,339.600006,6989200
7/26/2017,340.359985,345.5,338.119995,343.850006,343.850006,4820800
7/27/2017,346,347.5,326.290009,334.459991,334.459991,8302400
7/28/2017,336.890015,339.600006,332.51001,335.070007,335.070007,4880400
7/31/2017,335.5,341.48999,321.040009,323.470001,323.470001,8535100
8/1/2017,323,324.450012,316.130005,319.570007,319.570007,8303100
8/2/2017,318.940002,327.119995,311.220001,325.890015,325.890015,13091500
8/3/2017,345.329987,350,343.149994,347.089996,347.089996,13535000
8/4/2017,347,357.269989,343.299988,356.910004,356.910004,9268900
8/7/2017,357.350006,359.480011,352.75,355.170013,355.170013,6324500
8/8/2017,357.529999,368.579987,357.399994,365.220001,365.220001,7449800
8/9/2017,361,370,358.950012,363.529999,363.529999,6892100
8/10/2017,361.600006,366.649994,354.660004,355.399994,355.399994,7092900
8/11/2017,356.970001,361.26001,353.619995,357.869995,357.869995,4365800
8/14/2017,364.630005,367.660004,362.600006,363.799988,363.799988,4519200
8/15/2017,365.200012,365.48999,359.369995,362.329987,362.329987,3085100
8/16/2017,363,366.5,362.519989,362.910004,362.910004,3413800
8/17/2017,361.209991,363.299988,351.589996,351.920013,351.920013,5027700
8/18/2017,352.910004,354,345.799988,347.459991,347.459991,5408200
8/21/2017,345.820007,345.820007,331.850006,337.859985,337.859985,6495400
8/22/2017,341.130005,342.23999,337.369995,341.350006,341.350006,4322000
8/23/2017,338.98999,353.48999,338.299988,352.769989,352.769989,4954500
8/24/2017,352.519989,356.660004,349.73999,352.929993,352.929993,4584700
8/25/2017,354.23999,355.690002,347.299988,348.049988,348.049988,3484000
8/28/2017,347.279999,347.350006,339.720001,345.660004,345.660004,3764000
8/29/2017,339.480011,349.049988,338.75,347.359985,347.359985,4073700
8/30/2017,349.670013,353.470001,347,353.179993,353.179993,3412900
8/31/2017,353.549988,358.440002,352.820007,355.899994,355.899994,4072800
9/1/2017,356.119995,357.589996,353.690002,355.399994,355.399994,3049500
9/5/2017,353.799988,355.48999,345.890015,349.589996,349.589996,3835100
9/6/2017,349.5,350.980011,341.559998,344.529999,344.529999,4091400
9/7/2017,345.980011,352.480011,343.450012,350.609985,350.609985,4239200
9/8/2017,348.98999,349.779999,342.299988,343.399994,343.399994,3263500
9/11/2017,351.350006,363.709991,350,363.690002,363.690002,7667100
9/12/2017,364.48999,368.76001,360.399994,362.75,362.75,5972900
9/13/2017,363.820007,368.070007,359.589996,366.230011,366.230011,4185200
9/14/2017,364.329987,377.959991,362.630005,377.640015,377.640015,7202500
9/15/2017,374.51001,380,372.700012,379.809998,379.809998,5420500
9/18/2017,380.25,389.609985,377.679993,385,385,7188000
9/19/2017,380,382.390015,373.570007,375.100006,375.100006,6451900
9/20/2017,373,378.25,371.070007,373.910004,373.910004,4919100
9/21/2017,374.899994,376.829987,364.51001,366.480011,366.480011,4618200
9/22/2017,366.48999,369.899994,350.880005,351.089996,351.089996,8159400
9/25/2017,353.149994,357.470001,342.880005,344.98999,344.98999,7605900
9/26/2017,350.929993,351.23999,340.899994,345.25,345.25,7156300
9/27/2017,349.899994,351.48999,340.5,340.970001,340.970001,6060300
9/28/2017,339.880005,342.75,335.399994,339.600006,339.600006,5319600
9/29/2017,341.859985,344.679993,338.600006,341.100006,341.100006,5107100
10/2/2017,342.519989,343.700012,335.51001,341.529999,341.529999,5286800
10/3/2017,335.899994,348.549988,331.279999,348.140015,348.140015,10153600
10/4/2017,351.25,358.619995,349.600006,355.01001,355.01001,8163500
10/5/2017,356,357.440002,351.350006,355.329987,355.329987,4171700
10/6/2017,353.100006,360.100006,352.25,356.880005,356.880005,4297500
10/9/2017,349.649994,351.75,342.670013,342.940002,342.940002,7493700
10/10/2017,346.799988,355.630005,345.529999,355.589996,355.589996,6978500
10/11/2017,353.890015,357.600006,351.149994,354.600006,354.600006,4500800
10/12/2017,352.950012,359.779999,352.640015,355.679993,355.679993,4087000
10/13/2017,356.980011,358.48999,353.679993,355.570007,355.570007,3540500
10/16/2017,353.76001,354.480011,347.160004,350.600006,350.600006,5375500
10/17/2017,350.910004,356.220001,350.070007,355.75,355.75,3293300
10/18/2017,355.970001,363,354.130005,359.649994,359.649994,4939100
10/19/2017,355.559998,357.149994,348.200012,351.809998,351.809998,5061800
10/20/2017,352.690002,354.549988,344.339996,345.100006,345.100006,4930400
10/23/2017,349.880005,349.950012,336.25,337.019989,337.019989,5747300
10/24/2017,338.799988,342.799988,336.160004,337.339996,337.339996,4491700
10/25/2017,336.700012,337.5,323.559998,325.839996,325.839996,8594100
10/26/2017,327.779999,330.230011,323.200012,326.170013,326.170013,5023500
10/27/2017,319.75,324.589996,316.660004,320.869995,320.869995,6979700
10/30/2017,319.179993,323.779999,317.25,320.079987,320.079987,4254400
10/31/2017,320.230011,331.950012,320.179993,331.529999,331.529999,5672300
11/1/2017,332.25,332.609985,320.26001,321.079987,321.079987,8457300
11/2/2017,300.130005,308.690002,292.630005,299.26001,299.26001,19791400
11/3/2017,299.5,306.25,295.130005,306.089996,306.089996,8894000
11/6/2017,307,307.5,299.01001,302.779999,302.779999,6486000
11/7/2017,301.019989,306.5,300.029999,306.049988,306.049988,5294300
11/8/2017,305.5,306.890015,301.299988,304.390015,304.390015,4725300
11/9/2017,302.5,304.459991,296.299988,302.98999,302.98999,5447100
11/10/2017,302.5,308.359985,301.850006,302.98999,302.98999,4625400
11/13/2017,300.130005,316.799988,299.109985,315.399994,315.399994,7584900
11/14/2017,315,316.350006,306.899994,308.700012,308.700012,5676100
11/15/2017,306.01001,312.48999,301.5,311.299988,311.299988,5978700
11/16/2017,313.98999,318.140015,311.299988,312.5,312.5,5822100
11/17/2017,325.670013,326.670013,313.149994,315.049988,315.049988,13735100
11/20/2017,313.790009,315.5,304.75,308.73999,308.73999,8247700
11/21/2017,310.859985,318.230011,308.709991,317.809998,317.809998,7261300
11/22/2017,316.769989,317.420013,311.839996,312.600006,312.600006,4917600
11/24/2017,313.790009,316.410004,311,315.549988,315.549988,3244100
11/27/2017,313.25,317.339996,309.51001,316.809998,316.809998,4555900
11/28/2017,316.359985,320,313.920013,317.549988,317.549988,4949500
11/29/2017,317.299988,318,301.230011,307.540009,307.540009,8767400
11/30/2017,308.559998,310.700012,304.540009,308.850006,308.850006,4351600
12/1/2017,305.440002,310.320007,305.049988,306.529999,306.529999,4292900
12/4/2017,306.5,308.269989,300.609985,305.200012,305.200012,5835100
12/5/2017,302,308,301,303.700012,303.700012,4646500
12/6/2017,300.100006,313.390015,300,313.26001,313.26001,7195300
12/7/2017,312,318.630005,311.049988,311.23999,311.23999,4780600
12/8/2017,314.600006,316.980011,311.26001,315.130005,315.130005,3468500
12/11/2017,314.630005,329.01001,313.75,328.910004,328.910004,7938000
12/12/2017,330.450012,341.440002,330.029999,341.029999,341.029999,8733200
12/13/2017,340.929993,344.220001,336.5,339.029999,339.029999,6221500
12/14/2017,341.01001,347.440002,336.899994,337.890015,337.890015,5799900
12/15/2017,342.040009,343.899994,335.76001,343.450012,343.450012,6933200
12/18/2017,344.899994,346.730011,337.579987,338.869995,338.869995,5476200
12/19/2017,340.26001,341.48999,330.299988,331.100006,331.100006,6825000
12/20/2017,332.690002,333.100006,325.040009,328.980011,328.980011,5953800
12/21/2017,329.589996,333.73999,327.209991,331.660004,331.660004,4385200
12/22/2017,329.51001,330.920013,324.820007,325.200012,325.200012,4215800
12/26/2017,323.829987,323.940002,316.579987,317.290009,317.290009,4378400
12/27/2017,316,317.679993,310.75,311.640015,311.640015,4712100
12/28/2017,311.75,315.820007,309.540009,315.359985,315.359985,4316300
12/29/2017,316.179993,316.410004,310,311.350006,311.350006,3777200
1/2/2018,312,322.109985,311,320.529999,320.529999,4352200
1/3/2018,321,325.25,315.549988,317.25,317.25,4521500
1/4/2018,312.869995,318.549988,305.679993,314.619995,314.619995,9946300
1/5/2018,316.619995,317.23999,312,316.579987,316.579987,4591200
1/8/2018,316,337.019989,315.5,336.410004,336.410004,9859400
1/9/2018,335.160004,338.799988,327.399994,333.690002,333.690002,7146600
1/10/2018,332.200012,337,330,334.799988,334.799988,4309900
1/11/2018,335.23999,344.809998,333.26001,337.950012,337.950012,6645500
1/12/2018,338.630005,340.410004,333.670013,336.220001,336.220001,4825100
1/16/2018,337.540009,345,334.799988,340.059998,340.059998,6474300
1/17/2018,340.470001,349,339.75,347.160004,347.160004,7103500
1/18/2018,345.670013,352.299988,343.73999,344.570007,344.570007,5685800
1/19/2018,345,350.589996,342.600006,350.019989,350.019989,4888300
1/22/2018,349.399994,357.829987,349.200012,351.559998,351.559998,6210400
1/23/2018,360,360.5,351,352.790009,352.790009,5465400
1/24/2018,354.579987,354.75,343.519989,345.890015,345.890015,5287500
1/25/2018,348.269989,349.200012,336.399994,337.640015,337.640015,6740300
1/26/2018,341.5,344,335.709991,342.850006,342.850006,4539400
1/29/2018,339.850006,350.850006,338.279999,349.529999,349.529999,4747100
1/30/2018,345.140015,348.269989,342.170013,345.820007,345.820007,4717700
1/31/2018,347.51001,356.190002,345.190002,354.309998,354.309998,6214100
2/1/2018,351,359.660004,348.630005,349.25,349.25,4197700
2/2/2018,348.440002,351.950012,340.51001,343.75,343.75,3704800
2/5/2018,337.970001,344.470001,333,333.130005,333.130005,4464100
2/6/2018,325.209991,336.220001,323.5,333.970001,333.970001,5088400
2/7/2018,338.98999,346,335.660004,345,345,6969200
2/8/2018,343.309998,348.619995,314.600006,315.230011,315.230011,10314600
2/9/2018,319.929993,320.980011,294.76001,310.420013,310.420013,12933700
2/12/2018,316.130005,318.079987,306.25,315.730011,315.730011,6227800
2/13/2018,315.019989,324.190002,312.51001,323.660004,323.660004,4560200
2/14/2018,320.839996,326.170013,318.519989,322.309998,322.309998,3950700
2/15/2018,324.5,334.119995,322.399994,334.070007,334.070007,5912900
2/16/2018,332.5,343.119995,331.640015,335.48999,335.48999,5642600
2/20/2018,334.470001,340.839996,331.5,334.769989,334.769989,4009400
2/21/2018,336.029999,339.690002,333.170013,333.299988,333.299988,3219600
2/22/2018,335.529999,347.440002,334.75,346.170013,346.170013,6969800
2/23/2018,347.829987,354.98999,347.100006,352.049988,352.049988,5817400
2/26/2018,353.5,359,352.359985,357.420013,357.420013,4340000
2/27/2018,356.25,359.98999,350.01001,350.98999,350.98999,4797400
2/28/2018,352.570007,355.23999,342.220001,343.059998,343.059998,6069700
3/1/2018,345.01001,348.670013,330.070007,330.929993,330.929993,6885600
3/2/2018,326.980011,335.220001,322.970001,335.119995,335.119995,5092800
3/5/2018,332.390015,337.75,329.290009,333.350006,333.350006,3823800
3/6/2018,333.75,336.369995,327.029999,328.200012,328.200012,4285700
3/7/2018,325.440002,332.5,321.73999,332.299988,332.299988,5007300
3/8/2018,332.859985,333.299988,326.269989,329.100006,329.100006,3566200
3/9/2018,324.100006,328.48999,322.369995,327.170013,327.170013,5506800
3/12/2018,328.609985,347.209991,326.5,345.51001,345.51001,8264000
3/13/2018,328.609985,347.209991,326.5,341.839996,341.839996,5965800
3/14/2018,336.76001,339.809998,323.929993,326.630005,326.630005,7967400
3/15/2018,329.380005,332.850006,321.100006,325.600006,325.600006,6564800
3/16/2018,322.929993,327.399994,319.070007,321.350006,321.350006,6117300
3/19/2018,316.5,320.75,309.670013,313.559998,313.559998,7484300
3/20/2018,314.869995,316.25,308.76001,310.549988,310.549988,4764300
3/21/2018,310.25,322.440002,310.190002,316.529999,316.529999,5958400
3/22/2018,313.890015,318.820007,308.179993,309.100006,309.100006,4939800
3/23/2018,311.25,311.25,300.450012,301.540009,301.540009,6654900
3/26/2018,307.339996,307.589996,291.359985,304.179993,304.179993,8375200
3/27/2018,304,304.269989,277.179993,279.179993,279.179993,13872000
3/28/2018,264.579987,268.679993,252.100006,257.779999,257.779999,21001400
3/29/2018,256.48999,270.959991,248.210007,266.130005,266.130005,15170700
4/2/2018,256.26001,260.329987,244.589996,252.479996,252.479996,16114000
4/3/2018,269.820007,273.350006,254.490005,267.529999,267.529999,18844400
4/4/2018,252.779999,288.369995,252,286.940002,286.940002,19896700
4/5/2018,289.339996,306.26001,288.200012,305.720001,305.720001,19121100
4/6/2018,301,309.279999,295.5,299.299988,299.299988,13520300
4/9/2018,300.369995,309.5,289.209991,289.660004,289.660004,10249800
4/10/2018,298.970001,307.100006,293.679993,304.700012,304.700012,10989800
4/11/2018,300.73999,308.980011,299.660004,300.929993,300.929993,7482900
4/12/2018,302.320007,303.950012,293.679993,294.079987,294.079987,7608800
4/13/2018,303.600006,303.950012,295.980011,300.339996,300.339996,7327200
4/16/2018,299,299.660004,289.01001,291.209991,291.209991,6338500
4/17/2018,288.869995,292.170013,282.51001,287.690002,287.690002,7000000
4/18/2018,291.079987,300.23999,288.160004,293.350006,293.350006,6557700
4/19/2018,291.079987,301.01001,288.549988,300.079987,300.079987,6090600
4/20/2018,295.170013,299.980011,289.75,290.23999,290.23999,5627900
4/23/2018,291.290009,291.619995,282.329987,283.369995,283.369995,4893400
4/24/2018,285,287.089996,278.459991,283.459991,283.459991,5685300
4/25/2018,283.5,285.160004,277.25,280.690002,280.690002,4013600
4/26/2018,278.75,285.790009,276.5,285.480011,285.480011,4356000
4/27/2018,285.369995,294.470001,283.829987,294.079987,294.079987,4364600
4/30/2018,293.609985,298.730011,292.5,293.899994,293.899994,4228200
5/1/2018,293.51001,300.820007,293.220001,299.920013,299.920013,4625600
5/2/2018,298.570007,306.850006,297.779999,301.149994,301.149994,8970400
5/3/2018,278.790009,288.040009,275.230011,284.450012,284.450012,17352100
5/4/2018,283,296.859985,279.519989,294.089996,294.089996,8569400
5/7/2018,297.5,305.959991,295.170013,302.769989,302.769989,8678200
5/8/2018,300.799988,307.75,299,301.970001,301.970001,5930000
5/9/2018,300.410004,307.01001,300.049988,306.850006,306.850006,5727400
5/10/2018,307.5,312.98999,304.109985,305.019989,305.019989,5651600
5/11/2018,307.700012,308.880005,299.079987,301.059998,301.059998,4679600
5/14/2018,303.320007,304.940002,291.619995,291.970001,291.970001,7286800
5/15/2018,285.01001,286.959991,280.5,284.179993,284.179993,9519200
5/16/2018,283.829987,288.809998,281.559998,286.480011,286.480011,5674000
5/17/2018,285.899994,289.190002,283.970001,284.540009,284.540009,4420600
5/18/2018,284.649994,284.649994,274,276.820007,276.820007,7251900
5/21/2018,281.329987,291.48999,281.299988,284.48999,284.48999,9182600
5/22/2018,287.76001,288,273.420013,275.01001,275.01001,8945800
5/23/2018,277.76001,279.910004,274,279.070007,279.070007,5985100
5/24/2018,278.399994,281.109985,274.890015,277.850006,277.850006,4176700
5/25/2018,277.630005,279.640015,275.609985,278.850006,278.850006,3875100
5/29/2018,278.51001,286.5,276.149994,283.76001,283.76001,5666600
5/30/2018,283.290009,295.01001,281.600006,291.720001,291.720001,7489700
5/31/2018,287.209991,290.369995,282.929993,284.730011,284.730011,5919700
6/1/2018,285.859985,291.950012,283.839996,291.820007,291.820007,5424400
6/4/2018,294.339996,299,293.549988,296.73999,296.73999,4797800
6/5/2018,297.700012,297.799988,286.73999,291.130005,291.130005,5995200
6/6/2018,300.5,322.170013,297.480011,319.5,319.5,18767300
6/7/2018,316.149994,330,313.579987,316.089996,316.089996,14345300
6/8/2018,319,324.480011,317.149994,317.660004,317.660004,8205200
6/11/2018,322.51001,334.660004,322.5,332.100006,332.100006,13183500
6/12/2018,344.700012,354.970001,338,342.769989,342.769989,22347400
6/13/2018,346.709991,347.200012,339.799988,344.779999,344.779999,9469800
6/14/2018,347.630005,358.75,346.600006,357.720001,357.720001,10981000
6/15/2018,353.839996,364.670013,351.25,358.170013,358.170013,10848300
6/18/2018,355.399994,373.730011,354.5,370.829987,370.829987,12073200
6/19/2018,365.160004,370,346.25,352.549988,352.549988,12761900
6/20/2018,358.040009,364.380005,352,362.220001,362.220001,8383700
6/21/2018,362,366.209991,346.269989,347.51001,347.51001,7967100
6/22/2018,351.540009,352.25,332,333.630005,333.630005,10266100
6/25/2018,330.119995,338.470001,327.5,333.01001,333.01001,6931300
6/26/2018,336.049988,343.549988,325.799988,342,342,7452500
6/27/2018,345,350.790009,339.5,344.5,344.5,8333700
6/28/2018,348.660004,357.019989,346.109985,349.929993,349.929993,8398000
6/29/2018,353.329987,353.859985,342.410004,342.950012,342.950012,6492400
7/2/2018,360.070007,364.779999,329.850006,335.070007,335.070007,18759800
7/3/2018,331.75,332.48999,309.690002,310.859985,310.859985,12282600
7/5/2018,313.76001,314.390015,296.220001,309.160004,309.160004,17476400
7/6/2018,304.950012,312.070007,302,308.899994,308.899994,8865500
7/9/2018,311.98999,318.519989,308,318.51001,318.51001,7596800
7/10/2018,324.559998,327.679993,319.200012,322.470001,322.470001,9471500
7/11/2018,315.799988,321.940002,315.070007,318.959991,318.959991,4884100
7/12/2018,321.429993,323.230011,312.769989,316.709991,316.709991,5721200
7/13/2018,315.579987,319.579987,309.25,318.869995,318.869995,5869800
7/16/2018,311.709991,315.160004,306.25,310.100006,310.100006,7818700
7/17/2018,308.809998,324.73999,308.5,322.690002,322.690002,6996200
7/18/2018,325,325.5,316.25,323.850006,323.850006,5624200
7/19/2018,316.329987,323.540009,314.01001,320.230011,320.230011,5915300
7/20/2018,321.230011,323.23999,311.709991,313.579987,313.579987,5162200
7/23/2018,301.839996,305.5,292.859985,303.200012,303.200012,10992900
7/24/2018,304.420013,307.720001,292.549988,297.429993,297.429993,9590800
7/25/2018,296.73999,309.619995,294.5,308.73999,308.73999,7075400
7/26/2018,304.850006,310.700012,303.640015,306.649994,306.649994,4630500
7/27/2018,307.25,307.690002,295.339996,297.179993,297.179993,5703300
7/30/2018,295.899994,296.100006,286.130005,290.170013,290.170013,6814100
7/31/2018,292.25,298.320007,289.070007,298.140015,298.140015,5076900
8/1/2018,297.98999,303,293,300.839996,300.839996,10129400
8/2/2018,328.440002,349.98999,323.160004,349.540009,349.540009,23215000
8/3/2018,347.809998,355,342.529999,348.170013,348.170013,13656500
8/6/2018,345.459991,354.980011,341.820007,341.98999,341.98999,8564300
8/7/2018,343.839996,387.459991,339.149994,379.570007,379.570007,30875800
8/8/2018,369.089996,382.640015,367.119995,370.339996,370.339996,24571200
8/9/2018,365.549988,367.01001,345.730011,352.450012,352.450012,17183800
8/10/2018,354,360,346,355.48999,355.48999,11552000
8/13/2018,361.130005,363.190002,349.019989,356.410004,356.410004,10463900
8/14/2018,358.450012,359.200012,347.100006,347.640015,347.640015,6986400
8/15/2018,341.910004,344.48999,332.140015,338.690002,338.690002,9101300
8/16/2018,339.910004,342.279999,333.820007,335.450012,335.450012,6064000
8/17/2018,323.5,326.769989,303.529999,305.5,305.5,18958600
8/20/2018,291.700012,308.5,288.200012,308.440002,308.440002,17402300
8/21/2018,310.609985,324.790009,309,321.899994,321.899994,13172200
8/22/2018,320.869995,323.880005,314.670013,321.640015,321.640015,5946000
8/23/2018,319.140015,327.320007,318.100006,320.100006,320.100006,5147300
8/24/2018,320.700012,323.850006,319.399994,322.820007,322.820007,3602600
8/27/2018,318,322.440002,308.809998,319.269989,319.269989,13079300
8/28/2018,318.410004,318.880005,311.190002,311.859985,311.859985,7649100
8/29/2018,310.269989,311.850006,303.690002,305.01001,305.01001,7447400
8/30/2018,302.26001,304.600006,297.720001,303.149994,303.149994,7216700
8/31/2018,302,305.309998,298.600006,301.660004,301.660004,5375100
9/4/2018,296.940002,298.190002,288,288.950012,288.950012,8350500
9/5/2018,285.049988,286.779999,277.179993,280.73999,280.73999,7720800
9/6/2018,284.799988,291.170013,278.880005,280.950012,280.950012,7480800
9/7/2018,260.100006,268.350006,252.25,263.23999,263.23999,22491900
9/10/2018,273.26001,286.029999,271,285.5,285.5,14283500
9/11/2018,279.470001,282,273.549988,279.440002,279.440002,9170000
9/12/2018,281.440002,292.5,278.649994,290.540009,290.540009,10015400
9/13/2018,288.019989,295,285.179993,289.459991,289.459991,6340300
9/14/2018,288.76001,297.329987,286.519989,295.200012,295.200012,6765600
9/17/2018,290.040009,300.869995,288.130005,294.839996,294.839996,6887600
9/18/2018,296.690002,302.640015,275.5,284.959991,284.959991,16547500
9/19/2018,280.51001,300,280.5,299.019989,299.019989,8294900
9/20/2018,303.559998,305.980011,293.329987,298.329987,298.329987,7349400
9/21/2018,297.700012,300.579987,295.369995,299.100006,299.100006,5050500
9/24/2018,298.480011,303,293.579987,299.679993,299.679993,4843000
9/25/2018,300,304.600006,296.5,300.98999,300.98999,4481700
9/26/2018,301.910004,313.890015,301.109985,309.579987,309.579987,7843200
9/27/2018,312.899994,314.959991,306.910004,307.519989,307.519989,8509100
9/28/2018,270.26001,278,260.559998,264.769989,264.769989,33649700
10/1/2018,305.769989,311.440002,301.049988,310.700012,310.700012,21777600
10/2/2018,313.950012,316.839996,299.149994,301.019989,301.019989,11743500
10/3/2018,303.329987,304.600006,291.570007,294.799988,294.799988,7995000
10/4/2018,293.950012,294,277.670013,281.829987,281.829987,9814200
10/5/2018,274.649994,274.880005,260,261.950012,261.950012,17944500
10/8/2018,264.519989,267.76001,249,250.559998,250.559998,13472700
10/9/2018,255.25,266.769989,253.300003,262.799988,262.799988,12060600
10/10/2018,264.609985,265.51001,247.770004,256.880005,256.880005,12815300
10/11/2018,257.529999,262.25,249.029999,252.229996,252.229996,8167700
10/12/2018,261,261.98999,252.009995,258.779999,258.779999,7201400
10/15/2018,259.059998,263.279999,254.539993,259.589996,259.589996,6200000
10/16/2018,265.700012,277.380005,262.23999,276.589996,276.589996,9526400
10/17/2018,282.399994,282.700012,265.799988,271.779999,271.779999,8655500
10/18/2018,269.290009,271,263,263.910004,263.910004,5421200
10/19/2018,267.390015,269.660004,253.5,260,260,9375500
10/22/2018,260.679993,261.859985,252.589996,260.950012,260.950012,5600300
10/23/2018,263.869995,297.929993,262.100006,294.140015,294.140015,19027800
10/24/2018,301.049988,304.440002,285.730011,288.5,288.5,20058300
10/25/2018,317.220001,321,301.01001,314.859985,314.859985,20840700
10/26/2018,308.25,339.899994,306.649994,330.899994,330.899994,27425500
10/29/2018,337.470001,347.160004,326.5,334.850006,334.850006,14486000
10/30/2018,328.390015,337.899994,322.26001,329.899994,329.899994,9126700
10/31/2018,332.540009,342,329.100006,337.320007,337.320007,7624300
11/1/2018,338.26001,347.839996,334.730011,344.279999,344.279999,8000100
11/2/2018,343.73999,349.200012,340.910004,346.410004,346.410004,7808000
11/5/2018,340.5,343.959991,330.140015,341.399994,341.399994,7831000
11/6/2018,339.070007,348.799988,336.089996,341.059998,341.059998,6762900
11/7/2018,343.339996,351.179993,340.799988,348.160004,348.160004,7374500
11/8/2018,348.5,357.579987,348.440002,351.399994,351.399994,7090700
11/9/2018,349,354,345.230011,350.51001,350.51001,5098800
11/12/2018,348.369995,349.779999,330.339996,331.279999,331.279999,6941500
11/13/2018,333.160004,344.700012,332.200012,338.730011,338.730011,5448600
11/14/2018,342.700012,347.109985,337.149994,344,344,5040300
11/15/2018,342.329987,348.579987,339.040009,348.440002,348.440002,4625700
11/16/2018,345.190002,355.700012,345.119995,354.309998,354.309998,7206200
11/19/2018,356.339996,366.75,352.880005,353.470001,353.470001,9708900
11/20/2018,341.75,349.799988,333.549988,347.48999,347.48999,8004700
11/21/2018,352,353.100006,337.399994,338.190002,338.190002,4686800
11/23/2018,334.350006,337.5,325.549988,325.829987,325.829987,4202600
11/26/2018,325,346.220001,325,346,346,7992100
11/27/2018,340.049988,346.959991,335.5,343.920013,343.920013,6358300
11/28/2018,345.98999,348.279999,342.209991,347.869995,347.869995,4127600
11/29/2018,347,347.5,339.549988,341.170013,341.170013,3080700
11/30/2018,341.829987,351.600006,338.26001,350.480011,350.480011,5629100
12/3/2018,360,366,352,358.48999,358.48999,8306500
12/4/2018,356.049988,368.679993,352,359.700012,359.700012,8461900
12/6/2018,356.01001,367.380005,350.76001,363.059998,363.059998,7842500
12/7/2018,369,379.48999,357.649994,357.970001,357.970001,11511200
12/10/2018,360,365.980011,353.119995,365.149994,365.149994,6613500
12/11/2018,369.910004,372.170013,360.230011,366.76001,366.76001,6308800
12/12/2018,369.420013,371.910004,365.160004,366.600006,366.600006,5027000
12/13/2018,370.149994,377.440002,366.75,376.790009,376.790009,7365900
12/14/2018,375,377.869995,364.329987,365.709991,365.709991,6337600
12/17/2018,362,365.700012,343.880005,348.420013,348.420013,7674000
12/18/2018,350.540009,351.549988,333.690002,337.029999,337.029999,7100000
12/19/2018,337.600006,347.01001,329.73999,332.970001,332.970001,8274200
12/20/2018,327.049988,330.290009,311.869995,315.380005,315.380005,9071900
12/21/2018,317.399994,323.470001,312.440002,319.769989,319.769989,8016800
12/24/2018,313.5,314.5,295.200012,295.390015,295.390015,5559900
12/26/2018,300,326.970001,294.089996,326.089996,326.089996,8163100
12/27/2018,319.839996,322.170013,301.5,316.130005,316.130005,8575100
12/28/2018,323.100006,336.23999,318.410004,333.869995,333.869995,9939000
12/31/2018,337.790009,339.209991,325.26001,332.799988,332.799988,6302300
1/2/2019,306.100006,315.130005,298.799988,310.119995,310.119995,11658600
1/3/2019,307,309.399994,297.380005,300.359985,300.359985,6965200
1/4/2019,306,318,302.730011,317.690002,317.690002,7394100
1/7/2019,321.720001,336.73999,317.75,334.959991,334.959991,7551200
1/8/2019,341.959991,344.01001,327.019989,335.350006,335.350006,7008500
1/9/2019,335.5,343.5,331.470001,338.529999,338.529999,5432900
1/10/2019,334.399994,345.390015,331.790009,344.970001,344.970001,6056400
1/11/2019,342.089996,348.410004,338.769989,347.26001,347.26001,5039100
1/14/2019,342.380005,342.5,334,334.399994,334.399994,5247300
1/15/2019,335,348.799988,334.5,344.429993,344.429993,6056600
1/16/2019,344.779999,352,343.5,346.049988,346.049988,4691700
1/17/2019,346.209991,351.5,344.149994,347.309998,347.309998,3676700
1/18/2019,323,327.130005,299.730011,302.26001,302.26001,24150800
1/22/2019,304.820007,308,295.5,298.920013,298.920013,12066700
1/23/2019,292.5,294.5,281.690002,287.589996,287.589996,12530000
1/24/2019,283.029999,293.679993,279.279999,291.51001,291.51001,8012200
1/25/2019,294.390015,298.519989,289.549988,297.040009,297.040009,7249600
1/28/2019,292.910004,297.459991,287.75,296.380005,296.380005,6423300
1/29/2019,295.269989,298.559998,291.799988,297.459991,297.459991,4621700
1/30/2019,300.450012,309,298.48999,308.769989,308.769989,11250300
1/31/2019,301,311.559998,294,307.019989,307.019989,12569200
2/1/2019,305.420013,316.100006,303.5,312.209991,312.209991,7283400
2/4/2019,312.980011,315.299988,301.880005,312.890015,312.890015,7352100
2/5/2019,312.48999,322.440002,312.25,321.350006,321.350006,6742800
2/6/2019,319.589996,324.23999,315.619995,317.220001,317.220001,5038500
2/7/2019,313.299988,314.700012,303,307.51001,307.51001,6520600
2/8/2019,306.829987,307.450012,298.5,305.799988,305.799988,5844200
2/11/2019,311.600006,318.600006,310.5,312.839996,312.839996,7129700
2/12/2019,316.200012,318.190002,309.619995,311.809998,311.809998,5517600
2/13/2019,312.350006,312.75,305.570007,308.170013,308.170013,5141600
2/14/2019,303.380005,306.769989,301,303.769989,303.769989,5200800
2/15/2019,304.5,308,303.899994,307.880005,307.880005,3904900
2/19/2019,306.559998,311.540009,305.470001,305.640015,305.640015,4168400
2/20/2019,304.410004,306.299988,299,302.559998,302.559998,7142100
2/21/2019,301.809998,303.23999,290.5,291.230011,291.230011,8909200
2/22/2019,294.48999,296.5,292.100006,294.709991,294.709991,5740600
2/25/2019,297.910004,302.899994,297,298.769989,298.769989,6626500
2/26/2019,292.220001,302.01001,288.769989,297.859985,297.859985,8582500
2/27/2019,301.779999,316.299988,300.549988,314.73999,314.73999,11183900
2/28/2019,318.920013,320,310.809998,319.880005,319.880005,10520700
3/1/2019,306.940002,307.130005,291.899994,294.790009,294.790009,22911400
3/4/2019,298.119995,299,282.779999,285.359985,285.359985,17096800
3/5/2019,282,284,270.100006,276.540009,276.540009,18764700
3/6/2019,276.480011,281.51001,274.390015,276.23999,276.23999,10335500
3/7/2019,278.839996,284.700012,274.25,276.589996,276.589996,9442500
3/8/2019,276.910004,285.589996,275.890015,284.140015,284.140015,8819600
3/11/2019,283.519989,291.279999,280.5,290.920013,290.920013,7392300
3/12/2019,286.48999,288.070007,281.059998,283.359985,283.359985,7504100
3/13/2019,283.899994,291.98999,282.700012,288.959991,288.959991,6844700
3/14/2019,292.450012,295.390015,288.290009,289.959991,289.959991,7103400
3/15/2019,283.51001,283.720001,274.399994,275.429993,275.429993,14785500
3/18/2019,276,278.049988,267.299988,269.48999,269.48999,10281000
3/19/2019,267.5,273.299988,263.459991,267.470001,267.470001,11800600
3/20/2019,269.690002,274.970001,266.299988,273.600006,273.600006,6908200
3/21/2019,272.600006,276.450012,268.450012,274.019989,274.019989,5947100
3/22/2019,272.579987,272.799988,264,264.529999,264.529999,8745600
3/25/2019,259.709991,263.179993,254.460007,260.420013,260.420013,10215000
3/26/2019,264.440002,270.26001,264.429993,267.769989,267.769989,7350900
3/27/2019,268.75,275.369995,268.179993,274.829987,274.829987,8779200
3/28/2019,277.160004,280.329987,275.100006,278.619995,278.619995,6774100
3/29/2019,278.700012,280.160004,274.5,279.859985,279.859985,5991300
4/1/2019,282.619995,289.200012,281.279999,289.179993,289.179993,8110400
4/2/2019,288.299988,289.440002,283.880005,285.880005,285.880005,5478900
4/3/2019,287.320007,296.170013,287.170013,291.809998,291.809998,7929900
4/4/2019,261.890015,271.200012,260.589996,267.779999,267.779999,23720700
4/5/2019,269.859985,276.100006,266.109985,274.959991,274.959991,13038300
4/8/2019,277.690002,281.160004,270.440002,273.200012,273.200012,10410400
4/9/2019,271.649994,275,269.609985,272.309998,272.309998,5904000
4/10/2019,276.73999,278.380005,272.890015,276.059998,276.059998,7061300
4/11/2019,268.299988,270.5,265.600006,268.420013,268.420013,9835900
4/12/2019,270.220001,271.950012,266.829987,267.700012,267.700012,6746000
4/15/2019,268.630005,268.880005,258.630005,266.380005,266.380005,10038600
4/16/2019,265.75,275,264.720001,273.359985,273.359985,7272900
4/17/2019,274.75,274.790009,268.540009,271.230011,271.230011,5126500
4/18/2019,271.230011,274.839996,269.75,273.26001,273.26001,5876300
4/22/2019,269,269.679993,262.480011,262.75,262.75,12147100
4/23/2019,260.149994,265.600006,255.75,263.899994,263.899994,10943900
4/24/2019,263.850006,265.320007,258,258.660004,258.660004,10727500
4/25/2019,255,259,246.070007,247.630005,247.630005,21849400
4/26/2019,246.5,246.679993,231.130005,235.139999,235.139999,22360700
4/29/2019,235.860001,243.979996,232.169998,241.470001,241.470001,16714500
4/30/2019,242.059998,244.210007,237,238.690002,238.690002,9464600
5/1/2019,238.850006,240,231.5,234.009995,234.009995,10704400
5/2/2019,245.520004,247.130005,237.720001,244.100006,244.100006,18159300
5/3/2019,243.860001,256.609985,243.490005,255.029999,255.029999,23706800
5/6/2019,250.020004,258.350006,248.5,255.339996,255.339996,10833900
5/7/2019,256.799988,257.209991,245.100006,247.059998,247.059998,10131400
5/8/2019,246.940002,250.600006,244.199997,244.839996,244.839996,6176400
5/9/2019,242,243.679993,236.940002,241.979996,241.979996,6711400
5/10/2019,239.75,241.990005,236.020004,239.520004,239.520004,7008300
5/13/2019,232.009995,232.470001,224.5,227.009995,227.009995,10834800
5/14/2019,229.300003,234.5,228,232.309998,232.309998,7252400
5/15/2019,229.320007,232.440002,225.25,231.949997,231.949997,7296000
5/16/2019,229.490005,231,226.5,228.330002,228.330002,7483300
5/17/2019,221.960007,222.240005,208.919998,211.029999,211.029999,17786700
5/20/2019,202.800003,206,195.25,205.360001,205.360001,20526200
5/21/2019,197.759995,207.399994,196.039993,205.080002,205.080002,18003900
5/22/2019,199.100006,203.940002,191.779999,192.729996,192.729996,18685200
5/23/2019,194.339996,199.470001,186.220001,195.490005,195.490005,26547100
5/24/2019,199.830002,199.979996,188.75,190.630005,190.630005,14136600
5/28/2019,191.199997,195,187.850006,188.699997,188.699997,10312900
5/29/2019,187.100006,192.389999,185.039993,189.860001,189.860001,11968600
5/30/2019,188.75,192.259995,187.020004,188.220001,188.220001,7926500
5/31/2019,185.100006,189.919998,184.100006,185.160004,185.160004,10406700
6/3/2019,185.509995,186.679993,176.990005,178.970001,178.970001,13064400
6/4/2019,181.100006,193.979996,179.610001,193.600006,193.600006,13807500
6/5/2019,198.679993,201.279999,191.850006,196.589996,196.589996,13510800
6/6/2019,204.440002,211,201.800003,205.949997,205.949997,20242200
6/7/2019,205,210.839996,203.5,204.5,204.5,16003500
6/10/2019,210.25,216.940002,209.009995,212.880005,212.880005,10585000
6/11/2019,219.139999,220.899994,213.5,217.100006,217.100006,11653500
6/12/2019,222.949997,223.380005,209,209.259995,209.259995,15186200
6/13/2019,210.380005,214.899994,207.509995,213.910004,213.910004,8168300
6/14/2019,211.25,216.649994,210.399994,214.919998,214.919998,7433400
6/17/2019,215.479996,227,214.270004,225.029999,225.029999,12316800
6/18/2019,228.720001,234.740005,222.559998,224.740005,224.740005,12715800
6/19/2019,225.110001,227.770004,221.059998,226.429993,226.429993,6575100
6/20/2019,223,226.899994,216.350006,219.619995,219.619995,11863500
6/21/2019,216.220001,222.179993,215.5,221.860001,221.860001,8202100
6/24/2019,223.240005,225.860001,221.020004,223.639999,223.639999,5750800
6/25/2019,224.389999,225.339996,219.490005,219.759995,219.759995,6182100
6/26/2019,220.309998,227.229996,218.100006,219.270004,219.270004,8507200
6/27/2019,219.449997,222.899994,217.350006,222.839996,222.839996,6339700
6/28/2019,220.990005,225.169998,220.800003,223.460007,223.460007,6851400
7/1/2019,230.210007,233.100006,226.279999,227.169998,227.169998,8238000
7/2/2019,228.889999,229.149994,222.220001,224.550003,224.550003,9259000
7/3/2019,239.389999,241.570007,234.509995,234.899994,234.899994,14201100
7/5/2019,234.570007,235.449997,230.800003,233.100006,233.100006,7065700
7/8/2019,231.240005,232.25,228.660004,230.339996,230.339996,5880500
7/9/2019,228.970001,231,227.279999,230.059998,230.059998,6190800
7/10/2019,234.149994,238.940002,233.139999,238.919998,238.919998,9145700
7/11/2019,238.139999,241.5,235.800003,238.600006,238.600006,7514400
7/12/2019,239.75,245.380005,239.710007,245.080002,245.080002,9200500
7/15/2019,248,254.419998,244.860001,253.5,253.5,11000100
7/16/2019,249.300003,253.529999,247.929993,252.380005,252.380005,8149000
7/17/2019,255.669998,258.309998,253.350006,254.860001,254.860001,9764700
7/18/2019,255.050003,255.75,251.889999,253.539993,253.539993,4764500
7/19/2019,255.690002,259.959991,254.619995,258.179993,258.179993,7048400
7/22/2019,258.75,262.149994,254.190002,255.679993,255.679993,6842400
7/23/2019,256.709991,260.480011,254.5,260.170013,260.170013,5023100
7/24/2019,259.170013,266.070007,258.160004,264.880005,264.880005,11072800
7/25/2019,233.5,234.5,225.550003,228.820007,228.820007,22418300
7/26/2019,226.919998,230.259995,222.25,228.039993,228.039993,10027700
7/29/2019,227.089996,235.940002,226.029999,235.770004,235.770004,9273300
7/30/2019,232.899994,243.360001,232.179993,242.259995,242.259995,8109000
7/31/2019,243,246.679993,236.649994,241.610001,241.610001,9178200
8/1/2019,242.649994,244.509995,231.770004,233.850006,233.850006,8259500
8/2/2019,231.350006,236.270004,229.229996,234.339996,234.339996,6136500
8/5/2019,229.600006,231.369995,225.779999,228.320007,228.320007,7028300
8/6/2019,231.880005,232.5,225.75,230.75,230.75,5564200
8/7/2019,226.5,233.570007,225.800003,233.419998,233.419998,4776500
8/8/2019,234.449997,239.800003,232.649994,238.300003,238.300003,5274300
8/9/2019,236.050003,238.960007,233.809998,235.009995,235.009995,3898200
8/12/2019,232.990005,235.770004,228.75,229.009995,229.009995,4663900
8/13/2019,228.809998,236,227.550003,235,235,4848100
8/14/2019,231.210007,231.5,216.690002,219.619995,219.619995,9562600
8/15/2019,220.860001,221.559998,211.550003,215.639999,215.639999,8159600
8/16/2019,216.660004,222.240005,216.020004,219.940002,219.940002,5098500
8/19/2019,224.210007,227.830002,221.699997,226.830002,226.830002,5309600
8/20/2019,227.619995,229.089996,224.539993,225.860001,225.860001,4125200
8/21/2019,222.009995,223.220001,217.600006,220.830002,220.830002,7794300
8/22/2019,222.800003,225.399994,218.220001,222.149994,222.149994,6559000
8/23/2019,219.970001,221.169998,211,211.399994,211.399994,8538600
8/26/2019,213.600006,215.020004,211.539993,215,215,5051900
8/27/2019,215.740005,218.800003,212.029999,214.080002,214.080002,5416200
8/28/2019,213.690002,217.25,212.309998,215.589996,215.589996,3225500
8/29/2019,219,223.399994,218,221.710007,221.710007,5179500
8/30/2019,229.149994,232.440002,224.210007,225.610001,225.610001,9320600
9/3/2019,224.080002,228.949997,223.160004,225.009995,225.009995,5354100
9/4/2019,226.889999,228.460007,219.210007,220.679993,220.679993,5761000
9/5/2019,222.5,229.800003,220.850006,229.580002,229.580002,7395300
9/6/2019,227.199997,229.639999,225.169998,227.449997,227.449997,4189400
9/9/2019,230,233.759995,229.229996,231.789993,231.789993,4802700
9/10/2019,230.800003,235.539993,228.940002,235.539993,235.539993,4883700
9/11/2019,237.380005,248.169998,236,247.100006,247.100006,10042800
9/12/2019,247.699997,253.5,244.399994,245.869995,245.869995,8581200
9/13/2019,246.960007,248.449997,244.869995,245.199997,245.199997,5313100
9/16/2019,246,247.429993,241.169998,242.809998,242.809998,4728100
9/17/2019,242.470001,245.600006,240.369995,244.789993,244.789993,3865400
9/18/2019,245,248.169998,242.369995,243.490005,243.490005,4170200
9/19/2019,246,247.940002,244.839996,246.600006,246.600006,4795800
9/20/2019,246.490005,246.949997,238.160004,240.619995,240.619995,6353000
9/23/2019,240,245.179993,239.220001,241.229996,241.229996,4340200
9/24/2019,241.520004,241.990005,222.610001,223.210007,223.210007,12891500
9/25/2019,224.559998,228.979996,218.360001,228.699997,228.699997,9427100
9/26/2019,230.660004,243.309998,227.399994,242.559998,242.559998,11884500
9/27/2019,242.199997,248.710007,238.729996,242.130005,242.130005,11116400
9/30/2019,243,243.979996,236.110001,240.869995,240.869995,5879800
10/1/2019,241.5,245.949997,239.130005,244.690002,244.690002,6162600
10/2/2019,243.289993,244.649994,239.429993,243.130005,243.130005,5631400
10/3/2019,231.860001,234.479996,224.279999,233.029999,233.029999,15084500
10/4/2019,231.610001,234.779999,228.070007,231.429993,231.429993,7995000
10/7/2019,229.800003,238.559998,228.550003,237.720001,237.720001,8064200
10/8/2019,235.869995,243.940002,234.5,240.050003,240.050003,8678200
10/9/2019,241.320007,247.300003,240.649994,244.529999,244.529999,6894400
10/10/2019,245.279999,249.279999,241.580002,244.740005,244.740005,6283300
10/11/2019,247.149994,251.080002,246.809998,247.889999,247.889999,8475400
10/14/2019,247.899994,258.549988,247.130005,256.959991,256.959991,10205000
10/15/2019,257.700012,260,254.119995,257.890015,257.890015,6432800
10/16/2019,257.390015,262.100006,256.920013,259.75,259.75,6684100
10/17/2019,262.5,264.779999,260.170013,261.970001,261.970001,4769300
10/18/2019,260.700012,262.799988,255.100006,256.950012,256.950012,5749800
10/21/2019,258.329987,259.5,250.179993,253.5,253.5,5020300
10/22/2019,254.320007,258.329987,250.850006,255.580002,255.580002,4600800
10/23/2019,254.5,256.140015,251.350006,254.679993,254.679993,5261100
10/24/2019,298.369995,304.929993,289.200012,299.679993,299.679993,29720900
10/25/2019,297.720001,330,296.109985,328.130005,328.130005,30006100
10/28/2019,327.540009,340.839996,322.600006,327.709991,327.709991,18870300
10/29/2019,319.98999,324.299988,314.75,316.220001,316.220001,12684300
10/30/2019,313,318.790009,309.970001,315.01001,315.01001,9641800
10/31/2019,313.100006,319,313,314.920013,314.920013,5067000
11/1/2019,316.320007,316.480011,309.799988,313.309998,313.309998,6383900
11/4/2019,314.799988,321.940002,309.26001,317.470001,317.470001,8787000
11/5/2019,319.619995,323.51001,316.119995,317.220001,317.220001,6943400
11/6/2019,318,326.720001,314.5,326.579987,326.579987,7940900
11/7/2019,329.140015,341.5,328.019989,335.540009,335.540009,14467300
11/8/2019,334.5,337.459991,332.5,337.140015,337.140015,6069200
11/11/2019,343.950012,349.190002,342,345.089996,345.089996,9986700
11/12/2019,346.899994,350.369995,344.040009,349.929993,349.929993,7359400
11/13/2019,355,356.329987,345.179993,346.109985,346.109985,8420100
11/14/2019,346.109985,353.839996,342.910004,349.350006,349.350006,6464900
11/15/2019,350.640015,352.799988,348.359985,352.170013,352.170013,4809000
11/18/2019,352.920013,353.149994,346.100006,349.98999,349.98999,4400400
11/19/2019,351.75,359.98999,347.799988,359.519989,359.519989,7724800
11/20/2019,360,361.200012,349.570007,352.220001,352.220001,6725100
11/21/2019,354.51001,360.839996,354,354.829987,354.829987,6110000
11/22/2019,340.160004,341,330,333.040009,333.040009,16870600
11/25/2019,344.320007,344.570007,334.459991,336.339996,336.339996,12339500
11/26/2019,335.269989,335.5,327.100006,328.920013,328.920013,7947400
11/27/2019,331.119995,333.929993,328.570007,331.290009,331.290009,5555600
11/29/2019,331.109985,331.26001,327.5,329.940002,329.940002,2465600
12/2/2019,329.399994,336.380005,328.690002,334.869995,334.869995,6074500
12/3/2019,332.619995,337.910004,332.190002,336.200012,336.200012,6573700
12/4/2019,337.75,337.859985,332.850006,333.029999,333.029999,5533000
12/5/2019,332.829987,334.420013,327.25,330.369995,330.369995,3724600
12/6/2019,335,338.859985,334.769989,335.890015,335.890015,7612400
12/9/2019,336.589996,344.450012,335.079987,339.529999,339.529999,9023100
12/10/2019,339.959991,350.730011,339.309998,348.839996,348.839996,8828300
12/11/2019,351.880005,357.190002,351.089996,352.700012,352.700012,6897800
12/12/2019,354.920013,362.73999,353.230011,359.679993,359.679993,7763900
12/13/2019,361.049988,365.209991,354.640015,358.390015,358.390015,6570900
12/16/2019,362.549988,383.609985,362.5,381.5,381.5,18174200
12/17/2019,378.98999,385.5,375.899994,378.98999,378.98999,8496800
12/18/2019,380.630005,395.220001,380.579987,393.149994,393.149994,14121000
12/19/2019,397.320007,406.850006,396.5,404.040009,404.040009,18107100
12/20/2019,410.290009,413,400.190002,405.589996,405.589996,14752700
12/23/2019,411.779999,422.01001,410,419.220001,419.220001,13319600
12/24/2019,418.359985,425.470001,412.690002,425.25,425.25,8054700
12/26/2019,427.910004,433.480011,426.350006,430.940002,430.940002,10633900
12/27/2019,435,435.309998,426.109985,430.380005,430.380005,9945700
12/30/2019,428.790009,429,409.26001,414.700012,414.700012,12586400
12/31/2019,405,421.290009,402.079987,418.329987,418.329987,10285700
1/2/2020,424.5,430.700012,421.709991,430.26001,430.26001,9532100
1/3/2020,440.5,454,436.920013,443.01001,443.01001,17778500
1/6/2020,440.470001,451.559998,440,451.540009,451.540009,10133000
1/7/2020,461.399994,471.630005,453.359985,469.059998,469.059998,17882100
1/8/2020,473.700012,498.48999,468.230011,492.140015,492.140015,31144300
1/9/2020,497.100006,498.799988,472.869995,481.339996,481.339996,28440400
1/10/2020,481.790009,484.940002,473.700012,478.149994,478.149994,12959500
1/13/2020,493.5,525.630005,492,524.859985,524.859985,26517600
1/14/2020,544.26001,547.409973,524.900024,537.919983,537.919983,28996200
1/15/2020,529.76001,537.840027,516.789978,518.5,518.5,17368800
1/16/2020,493.75,514.460022,492.170013,513.48999,513.48999,21736700
1/17/2020,507.609985,515.669983,503.160004,510.5,510.5,13629100
1/21/2020,530.25,548.580017,528.409973,547.200012,547.200012,17803500
1/22/2020,571.890015,594.5,559.099976,569.559998,569.559998,31369000
1/23/2020,564.25,582,555.599976,572.200012,572.200012,19651000
1/24/2020,570.630005,573.859985,554.26001,564.820007,564.820007,14324000
1/27/2020,541.98999,564.440002,539.280029,558.02002,558.02002,13608100
1/28/2020,568.48999,576.809998,558.080017,566.900024,566.900024,11788500
1/29/2020,575.690002,589.799988,567.429993,580.98999,580.98999,17801500
1/30/2020,632.419983,650.880005,618,640.809998,640.809998,29005700
1/31/2020,640,653,632.52002,650.570007,650.570007,15719300
2/3/2020,673.690002,786.140015,673.52002,780,780,47233500
2/4/2020,882.960022,968.98999,833.880005,887.059998,887.059998,60938800
2/5/2020,823.26001,845.97998,704.109985,734.700012,734.700012,48423800
2/6/2020,699.919983,795.830017,687,748.960022,748.960022,39880800
2/7/2020,730.549988,769.75,730,748.070007,748.070007,17063500
2/10/2020,800,819.98999,752.400024,771.280029,771.280029,24689200
2/11/2020,768.789978,783.51001,758,774.380005,774.380005,11697500
2/12/2020,777.869995,789.75,763.369995,767.289978,767.289978,12022500
2/13/2020,741.840027,818,735,804,804,26289300
2/14/2020,787.219971,812.969971,785.5,800.030029,800.030029,15693700
2/18/2020,841.599976,860,832.359985,858.400024,858.400024,16381700
2/19/2020,923.5,944.780029,901.02002,917.419983,917.419983,25423000
2/20/2020,911.950012,912,859.940002,899.409973,899.409973,17634900
2/21/2020,906.97998,913.059998,880.450012,901,901,14314800
2/24/2020,839,863.5,822.200012,833.789978,833.789978,15192200
2/25/2020,849,856.599976,787,799.909973,799.909973,17290500
2/26/2020,782.5,813.309998,776.109985,778.799988,778.799988,14085500
2/27/2020,730,739.77002,669,679,679,24149300
2/28/2020,629.700012,690.52002,611.52002,667.98999,667.98999,24564200
3/2/2020,711.26001,743.690002,686.669983,743.619995,743.619995,20195000
3/3/2020,805,806.97998,716.109985,745.51001,745.51001,25784000
3/4/2020,763.960022,766.52002,724.72998,749.5,749.5,15049000
3/5/2020,723.77002,745.75,718.070007,724.539978,724.539978,10852700
3/6/2020,690,707,684.27002,703.47998,703.47998,12662900
3/9/2020,605.390015,663,605,608,608,17073700
3/10/2020,659.429993,668,608,645.330017,645.330017,15594400
3/11/2020,640.200012,653.580017,613,634.22998,634.22998,13322500
3/12/2020,580.890015,594.5,546.25,560.549988,560.549988,18909100
3/13/2020,595,607.570007,502,546.619995,546.619995,22640300
3/16/2020,469.5,494.869995,442.170013,445.070007,445.070007,20489500
3/17/2020,440.01001,471.850006,396,430.200012,430.200012,23994600
3/18/2020,389,404.859985,350.51001,361.220001,361.220001,23786200
3/19/2020,374.700012,452,358.459991,427.640015,427.640015,30195500
3/20/2020,438.200012,477,425.790009,427.529999,427.529999,28285500
3/23/2020,433.600006,442,410.5,434.290009,434.290009,16454500
3/24/2020,477.299988,513.690002,474,505,505,22895200
3/25/2020,545.25,557,511.109985,539.25,539.25,21222700
3/26/2020,547.390015,560,512.25,528.159973,528.159973,17380700
3/27/2020,505,525.799988,494.029999,514.359985,514.359985,14377400
3/30/2020,510.26001,516.650024,491.230011,502.130005,502.130005,11998100
3/31/2020,501.25,542.960022,497,524,524,17771500
4/1/2020,504,513.950012,475.100006,481.559998,481.559998,13353200
4/2/2020,481.029999,494.26001,446.399994,454.470001,454.470001,19858400
4/3/2020,509.5,515.48999,468.390015,480.01001,480.01001,22562100
4/6/2020,511.200012,521,497.959991,516.23999,516.23999,14901800
4/7/2020,545,565,532.340027,545.450012,545.450012,17919800
4/8/2020,554.200012,557.210022,533.330017,548.840027,548.840027,12656000
4/9/2020,562.090027,575.179993,557.109985,573,573,13650000
4/13/2020,590.159973,652,580.530029,650.950012,650.950012,22475400
4/14/2020,698.969971,741.880005,692.429993,709.890015,709.890015,30576500
4/15/2020,742,753.130005,710,729.830017,729.830017,23577000
4/16/2020,716.940002,759.450012,706.719971,745.210022,745.210022,20657900
4/17/2020,772.280029,774.950012,747.659973,753.890015,753.890015,13128200
4/20/2020,732.700012,765.570007,712.210022,746.359985,746.359985,14746600
4/21/2020,730.119995,753.330017,673.789978,686.719971,686.719971,20209100
4/22/2020,703.97998,734,688.710022,732.109985,732.109985,14224800
4/23/2020,727.599976,734,703.130005,705.630005,705.630005,13236700
4/24/2020,710.809998,730.72998,698.179993,725.150024,725.150024,13237600
4/27/2020,737.609985,799.48999,735,798.75,798.75,20681400
4/28/2020,795.640015,805,756.690002,769.119995,769.119995,15222000
4/29/2020,790.169983,803.200012,783.159973,800.51001,800.51001,16216000
4/30/2020,855.190002,869.820007,763.5,781.880005,781.880005,28400100
5/1/2020,755,772.77002,683.039978,701.320007,701.320007,32531800
5/4/2020,701,762,698,761.190002,761.190002,19237100
5/5/2020,789.789978,798.919983,762.179993,768.210022,768.210022,16991700
5/6/2020,776.5,789.799988,761.109985,782.580017,782.580017,11123200
5/7/2020,777.210022,796.400024,772.349976,780.039978,780.039978,11527700
5/8/2020,793.77002,824,787.01001,819.419983,819.419983,16130100
5/11/2020,790.51001,824,785,811.289978,811.289978,16471100
5/12/2020,827,843.289978,808,809.409973,809.409973,15906900
5/13/2020,820.830017,826,763.299988,790.960022,790.960022,19065500
5/14/2020,780,803.359985,764,803.330017,803.330017,13682200
5/15/2020,790.349976,805.049988,786.549988,799.169983,799.169983,10518400
5/18/2020,827.780029,834.719971,803.880005,813.630005,813.630005,11698100
5/19/2020,815.169983,822.070007,806.080017,808.01001,808.01001,9636500
5/20/2020,820.5,826,811.799988,815.559998,815.559998,7309300
5/21/2020,816,832.5,796,827.599976,827.599976,12254600
5/22/2020,822.169983,831.780029,812,816.880005,816.880005,9987500
5/26/2020,834.5,834.599976,815.710022,818.869995,818.869995,8089700
5/27/2020,820.859985,827.710022,785,820.22998,820.22998,11549500
5/28/2020,813.51001,824.75,801.690002,805.809998,805.809998,7255600
5/29/2020,808.75,835,804.210022,835,835,11812500
6/1/2020,858,899,854.099976,898.099976,898.099976,14939500
6/2/2020,894.700012,908.659973,871,881.559998,881.559998,13565600
6/3/2020,888.119995,897.940002,880.099976,882.960022,882.960022,7949500
6/4/2020,889.880005,895.75,858.440002,864.380005,864.380005,8887700
6/5/2020,877.840027,886.52002,866.200012,885.659973,885.659973,7811900
6/8/2020,919,950,909.159973,949.919983,949.919983,14174700
6/9/2020,940.01001,954.440002,923.929993,940.669983,940.669983,11388200
6/10/2020,991.880005,1027.47998,982.5,1025.050049,1025.050049,18563400
6/11/2020,990.200012,1018.960022,972,972.840027,972.840027,15916500
6/12/2020,980,987.97998,912.599976,935.280029,935.280029,16730200
6/15/2020,917.789978,998.840027,908.5,990.900024,990.900024,15697200
6/16/2020,1011.849976,1012.880005,962.390015,982.130005,982.130005,14051100
6/17/2020,987.710022,1005,982.570007,991.789978,991.789978,9869400
6/18/2020,1003,1019.200012,994.469971,1003.960022,1003.960022,9751900
6/19/2020,1012.780029,1015.969971,991.340027,1000.900024,1000.900024,8679700
6/22/2020,999.950012,1008.880005,990.02002,994.320007,994.320007,6362400
6/23/2020,998.880005,1012,994.01001,1001.780029,1001.780029,6365300
6/24/2020,994.109985,1000.880005,953.140015,960.849976,960.849976,10959600
6/25/2020,954.27002,985.97998,937.150024,985.97998,985.97998,9254500
6/26/2020,994.780029,995,954.869995,959.73999,959.73999,8854900
6/29/2020,969.01001,1010,948.52002,1009.349976,1009.349976,9026400
6/30/2020,1006.5,1087.689941,1003.72998,1079.810059,1079.810059,16918500
7/1/2020,1083,1135.329956,1080.5,1119.630005,1119.630005,13326900
7/2/2020,1221.47998,1228,1185.599976,1208.660034,1208.660034,17250100
7/6/2020,1276.689941,1377.790039,1266.040039,1371.579956,1371.579956,20569900
7/7/2020,1405.01001,1429.5,1336.709961,1389.859985,1389.859985,21489700
7/8/2020,1405,1417.26001,1311.339966,1365.880005,1365.880005,16311300
7/9/2020,1396.98999,1408.560059,1351.280029,1394.280029,1394.280029,11717600
7/10/2020,1396,1548.920044,1376.01001,1544.650024,1544.650024,23337600
7/13/2020,1659,1794.98999,1471.109985,1497.060059,1497.060059,38985400
7/14/2020,1556,1590,1431,1516.800049,1516.800049,23418100
7/15/2020,1543,1550,1457,1546.01001,1546.01001,16367800
7/16/2020,1477.160034,1531.709961,1466,1500.640015,1500.640015,14300800
7/17/2020,1513.449951,1537.51001,1490,1500.839966,1500.839966,9330000
7/20/2020,1519.01001,1650,1488,1643,1643,17121400
7/21/2020,1639.930054,1675,1558,1568.359985,1568.359985,16157300
7/22/2020,1599,1626.420044,1562,1592.329956,1592.329956,14161100
7/23/2020,1678.949951,1689,1480.77002,1513.069946,1513.069946,24328500
7/24/2020,1416.01001,1465,1366.540039,1417,1417,19344700
